set	case	side	repo	commit	path	blob_sha1	anchor_line
held-out	01	parent	deepstreamIO/deepstream.io	3abde8de3df91e1b6d18f719d9e38e94bfa314f6	src/services/permission/valve/rules-map.ts	cc75f0f7d4dcc02749240f5f9b4c9fe33b80bfcb	51
held-out	01	fix	deepstreamIO/deepstream.io	1c2adde6581c53ef47e204364bc740bc3c2e2e2a	src/services/permission/valve/rules-map.ts	3008f0e8ded2344715119c11df861ea62389d2e7	51
held-out	02	parent	erxes/erxes	8d2a9ee8ca8cf3f59852c1dcfdec674e934d5605	packages/core/src/data/resolvers/queries/users.ts	93bcb29844bf3af1d8dc34b0632b184614514898	393
held-out	02	fix	erxes/erxes	4ed2ca797241d2ba0c9083feeadd9755c1310ce8	packages/core/src/data/resolvers/queries/users.ts	f7afc4356de04280fefea61ed2a1b8a8f92775c0	394
held-out	02	parent	erxes/erxes	8d2a9ee8ca8cf3f59852c1dcfdec674e934d5605	packages/gateway/src/index.ts	59dffea06813f5fcc1809b885b346ce12124ed30	31
held-out	02	fix	erxes/erxes	4ed2ca797241d2ba0c9083feeadd9755c1310ce8	packages/gateway/src/index.ts	3e3ba68779f2d503c8c5e81e249102eedd357eb3	31
held-out	02	parent	erxes/erxes	8d2a9ee8ca8cf3f59852c1dcfdec674e934d5605	packages/gateway/src/middlewares/userMiddleware.ts	42af81360033adbe7d774cda6cedf8c419d79db6	24
held-out	02	fix	erxes/erxes	4ed2ca797241d2ba0c9083feeadd9755c1310ce8	packages/gateway/src/middlewares/userMiddleware.ts	bb382d673875d686173bbd9e270b62f51d498061	25
held-out	03	parent	louislam/uptime-kuma	3aea1dfaaf2598cfa2fe5658c5d918aea2548917	server/routers/api-router.js	459da83e80c078fa2a2d2b8e0c8a7a54ac50454a	172
held-out	03	fix	louislam/uptime-kuma	303a609c05d0b174a5045c90f53c2b557d4febae	server/routers/api-router.js	2752593f7cd0e68da806c51a241227588fbb80bd	171
held-out	04	parent	misskey-dev/misskey	2d0dae236fd828e4c071fa1fce4dc559d78f6e91	packages/backend/src/core/entities/NoteEntityService.ts	6871ba2c7219d5b6728ec19a4cb9c244def92135	119
held-out	04	fix	misskey-dev/misskey	dc77d59f8712d3fe0b73cd4af2035133839cd57b	packages/backend/src/core/entities/NoteEntityService.ts	e7847ba74e181eec5fb0f529293b9903e031248e	120
held-out	04	parent	misskey-dev/misskey	2d0dae236fd828e4c071fa1fce4dc559d78f6e91	packages/backend/src/queue/processors/ExportClipsProcessorService.ts	486dc4c01f759a75b93debfcb5971ec1a199210e	46
held-out	04	fix	misskey-dev/misskey	dc77d59f8712d3fe0b73cd4af2035133839cd57b	packages/backend/src/queue/processors/ExportClipsProcessorService.ts	be7d4e9e2139927c885040c67a4a2cd01bc5e3dc	45
held-out	04	parent	misskey-dev/misskey	2d0dae236fd828e4c071fa1fce4dc559d78f6e91	packages/backend/src/queue/processors/ExportFavoritesProcessorService.ts	7918c8ccb507659f3038d046581b7d0ef29d1c87	40
held-out	04	fix	misskey-dev/misskey	dc77d59f8712d3fe0b73cd4af2035133839cd57b	packages/backend/src/queue/processors/ExportFavoritesProcessorService.ts	87a8ded30723698271fdde8f85d2ae6c805d8cf1	41
held-out	05	parent	parse-community/parse-dashboard	8a34c2f0d6af5ad11793f49b9427dad4b26f1b81	Parse-Dashboard/app.js	a79133f46d3a15e883aacd0e2ed66906d504cfa6	161
held-out	05	fix	parse-community/parse-dashboard	f92a9ef5246d57e51696bd881a15f3b133b2bb50	Parse-Dashboard/app.js	c22df1af93780e1999bac1d6cda398724f3dd248	161
held-out	06	parent	parse-community/parse-server	83e794919635ff8b6c86bed8b640222d1c973e03	src/Routers/FilesRouter.js	0f4dbfda86eae00c20e24755d05cca8064c2b741	43
held-out	06	fix	parse-community/parse-server	053109b3ee71815bc39ed84116c108ff9edbf337	src/Routers/FilesRouter.js	192b14afd0e2a6b7e19e5b3b8e2d4718524519fd	44
held-out	07	parent	Unleash/unleash	b38bf1ec4b8c6fd8d82396fa73e7086ad1815826	src/lib/features/feature-toggle/feature-toggle-service.ts	bf76b09d4a6c691c633d7591b1fcee7e1f9ac667	552
held-out	07	fix	Unleash/unleash	43e8db37b846921c8a94db58b44935ecbd15d9d1	src/lib/features/feature-toggle/feature-toggle-service.ts	93b1fcb7e1f0284b33fbe1735952274681360581	551
held-out	08	parent	vendurehq/vendure	537b51486fe3fc9bdd0491e6192126b300e39453	packages/core/src/common/error/errors.ts	bf592e504e362c0f997a79d86440b350ec0d3cb1	73
held-out	08	fix	vendurehq/vendure	3bb04718ea4f9395fda731bd2a4bcfc3afb0a485	packages/core/src/common/error/errors.ts	686f3150bd6de573c6b539063bfa618d2e04a6bc	84
held-out	08	parent	vendurehq/vendure	537b51486fe3fc9bdd0491e6192126b300e39453	packages/core/src/service/helpers/external-authentication/external-authentication.service.ts	c36735b3034130025bcb8c2b5b107c1bcf312206	108
held-out	08	fix	vendurehq/vendure	3bb04718ea4f9395fda731bd2a4bcfc3afb0a485	packages/core/src/service/helpers/external-authentication/external-authentication.service.ts	27e8b6a6b47913c847810e0868c0fd1adc2d830f	119
held-out	09	parent	whyour/qinglong	ce599d306f81e3ebb0f6eaa5b540d701a6d4085d	back/loaders/express.ts	2807ece0a18b8cb375fd05a70197247eb569042f	123
held-out	09	fix	whyour/qinglong	6bec52dca158481258315ba0fc2f11206df7b719	back/loaders/express.ts	b5bf221b44c70b6355c4e119a595e560b3cb5a44	123
held-out	10	parent	Yonle/bostr	8b131e239b92db889ac5d8fd02bee1d3a035fd9d	auth.js	1352e3a1221da32b42243a97de8f2fb8ee2407c5	21
held-out	10	fix	Yonle/bostr	49181f4ec9ae1472c6675cab56bbc01e723855af	auth.js	6d66662da0937a1d0e578fd5f6a61521b63c099b	21
arm-a-diagnostic	02	parent	Budibase/budibase	124e5df31a4725334c65aea3f4b37db6cb10d119	packages/worker/src/api/routes/global/groups.ts	69b69d7242efb71c96730d3cd2292aa26054cf03	42
arm-a-diagnostic	02	fix	Budibase/budibase	93db77846e68231ba655f180581c94503985421a	packages/worker/src/api/routes/global/groups.ts	3777dec3fc50c283cd1682130bf075f8dd5281d6	42
arm-a-diagnostic	04	parent	actualbudget/actual	ea937d100956ca56689ff852d99c28589e2a7d88	packages/sync-server/src/app-sync.ts	91c9bab4c350c122a09d74a6c27c782b5f089b0e	71
arm-a-diagnostic	04	fix	actualbudget/actual	9966c024cb75f57943193cac8e42f401efed9d08	packages/sync-server/src/app-sync.ts	78626002d75452a729647cfb71beb28e7d60585b	72
arm-a-diagnostic	07	parent	lobehub/lobe-chat	a2947c91c712d7f61f6ecade18d6b52baa33709a	packages/database/src/models/knowledgeBase.ts	6c541ff5a30021a02a668b0f97c6efe9ebe5511a	46
arm-a-diagnostic	07	fix	lobehub/lobe-chat	2c1762b85acb84467ed5e799afe1499cd2f912e6	packages/database/src/models/knowledgeBase.ts	6d7af1563757dd51614ae826779ccb0e36d18ca2	46
arm-a-diagnostic	10	parent	apostrophecms/apostrophe	252635917446ec9b30c895181490220cab1fed26	packages/apostrophe/modules/@apostrophecms/page/index.js	e68c45e9755a5f091c796dae61b76b37f848f9c0	1658
arm-a-diagnostic	10	fix	apostrophecms/apostrophe	d50c6ad61b9c1788958752358f1fca714cc8368c	packages/apostrophe/modules/@apostrophecms/page/index.js	cbbd6d81b48b2c74703137edefee6508446588d4	1674
arm-a-diagnostic	05	parent	frangoteam/FUXA	61b5cf41af63a60749ac39a285be66b693d19b94	server/runtime/scripts/index.js	fbe59de1b7c5873e05f190799702944b2d1fa80e	109
arm-a-diagnostic	05	fix	frangoteam/FUXA	78534da61a91613712b44bb63c8d7da8c5df5ca4	server/runtime/scripts/index.js	064c1a53d7aa1f5d1ee71cde0621eb9a9f405af8	109
